<?xml version="1.0" encoding="UTF-8"?>
<metadata xml:lang="en"><Esri><CreaDate>20190326</CreaDate><CreaTime>13435100</CreaTime><ArcGISFormat>1.0</ArcGISFormat><SyncOnce>FALSE</SyncOnce><DataProperties><itemProps><itemName Sync="TRUE">Bellaire_Puritas_Merge</itemName><imsContentType Sync="TRUE">002</imsContentType><itemSize Sync="TRUE">0.000</itemSize><itemLocation><linkage Sync="TRUE">file://\\SURFCNP-NH\Users\NHolzer\Documents\ArcGIS\Default.gdb</linkage><protocol Sync="TRUE">Local Area Network</protocol></itemLocation></itemProps><coordRef><type Sync="TRUE">Geographic</type><geogcsn Sync="TRUE">GCS_North_American_1983</geogcsn><csUnits Sync="TRUE">Angular Unit: Degree (0.017453)</csUnits><peXml Sync="TRUE">&lt;GeographicCoordinateSystem xsi:type='typens:GeographicCoordinateSystem' xmlns:xsi='http://www.w3.org/2001/XMLSchema-instance' xmlns:xs='http://www.w3.org/2001/XMLSchema' xmlns:typens='http://www.esri.com/schemas/ArcGIS/10.5'&gt;&lt;WKT&gt;GEOGCS[&amp;quot;GCS_North_American_1983&amp;quot;,DATUM[&amp;quot;D_North_American_1983&amp;quot;,SPHEROID[&amp;quot;GRS_1980&amp;quot;,6378137.0,298.257222101]],PRIMEM[&amp;quot;Greenwich&amp;quot;,0.0],UNIT[&amp;quot;Degree&amp;quot;,0.0174532925199433],AUTHORITY[&amp;quot;EPSG&amp;quot;,4269]]&lt;/WKT&gt;&lt;XOrigin&gt;-400&lt;/XOrigin&gt;&lt;YOrigin&gt;-400&lt;/YOrigin&gt;&lt;XYScale&gt;1111948722.2222221&lt;/XYScale&gt;&lt;ZOrigin&gt;-100000&lt;/ZOrigin&gt;&lt;ZScale&gt;10000&lt;/ZScale&gt;&lt;MOrigin&gt;-100000&lt;/MOrigin&gt;&lt;MScale&gt;10000&lt;/MScale&gt;&lt;XYTolerance&gt;8.9831528411952133e-009&lt;/XYTolerance&gt;&lt;ZTolerance&gt;0.001&lt;/ZTolerance&gt;&lt;MTolerance&gt;0.001&lt;/MTolerance&gt;&lt;HighPrecision&gt;true&lt;/HighPrecision&gt;&lt;LeftLongitude&gt;-180&lt;/LeftLongitude&gt;&lt;WKID&gt;4269&lt;/WKID&gt;&lt;LatestWKID&gt;4269&lt;/LatestWKID&gt;&lt;/GeographicCoordinateSystem&gt;</peXml></coordRef><lineage><Process ToolSource="c:\program files (x86)\arcgis\desktop10.5\ArcToolbox\Toolboxes\Data Management Tools.tbx\Merge" Date="20170316" Time="133720">Merge service_area_2015_group1_rev27Jan2016_region;service_area_2015_group2_region;service_area_2015_group3_region;service_area_2015_group4_region;service_area_2015_group5_region "T:\CDC Advancement\Nina GIS\2016 for dashboard\service_area_2015_all.shp" "CDC_ "CDC_" true true false 11 Double 0 11 ,First,#,service_area_2015_group1_rev27Jan2016_region,CDC_,-1,-1,service_area_2015_group2_region,CDC_,-1,-1,service_area_2015_group3_region,CDC_,-1,-1,service_area_2015_group4_region,CDC_,-1,-1,service_area_2015_group5_region,CDC_,-1,-1;CDC_ID "CDC_ID" true true false 11 Double 0 11 ,First,#,service_area_2015_group1_rev27Jan2016_region,CDC_ID,-1,-1,service_area_2015_group2_region,CDC_ID,-1,-1,service_area_2015_group3_region,CDC_ID,-1,-1,service_area_2015_group4_region,CDC_ID,-1,-1,service_area_2015_group5_region,CDC_ID,-1,-1;CDC "CDC" true true false 60 Text 0 0 ,First,#,service_area_2015_group1_rev27Jan2016_region,CDC,-1,-1,service_area_2015_group2_region,CDC,-1,-1,service_area_2015_group3_region,CDC,-1,-1,service_area_2015_group4_region,CDC,-1,-1,service_area_2015_group5_region,CDC,-1,-1;NOTE "NOTE" true true false 30 Text 0 0 ,First,#,service_area_2015_group1_rev27Jan2016_region,NOTE,-1,-1,service_area_2015_group2_region,NOTE,-1,-1,service_area_2015_group3_region,NOTE,-1,-1,service_area_2015_group4_region,NOTE,-1,-1,service_area_2015_group5_region,NOTE,-1,-1;ACRES "ACRES" true true false 31 Double 15 30 ,First,#,service_area_2015_group1_rev27Jan2016_region,ACRES,-1,-1,service_area_2015_group2_region,ACRES,-1,-1,service_area_2015_group3_region,ACRES,-1,-1,service_area_2015_group4_region,ACRES,-1,-1,service_area_2015_group5_region,ACRES,-1,-1;WARD "WARD" true true false 5 Text 0 0 ,First,#,service_area_2015_group1_rev27Jan2016_region,WARD,-1,-1,service_area_2015_group2_region,WARD,-1,-1,service_area_2015_group3_region,WARD,-1,-1,service_area_2015_group4_region,WARD,-1,-1,service_area_2015_group5_region,WARD,-1,-1;BLOCKGR "BLOCKGR" true true false 47 Text 0 0 ,First,#,service_area_2015_group1_rev27Jan2016_region,BLOCKGR,-1,-1,service_area_2015_group2_region,BLOCKGR,-1,-1,service_area_2015_group3_region,BLOCKGR,-1,-1,service_area_2015_group4_region,BLOCKGR,-1,-1,service_area_2015_group5_region,BLOCKGR,-1,-1;TRACT "TRACT" true true false 31 Double 15 30 ,First,#,service_area_2015_group1_rev27Jan2016_region,TRACT,-1,-1,service_area_2015_group2_region,TRACT,-1,-1,service_area_2015_group3_region,TRACT,-1,-1,service_area_2015_group4_region,TRACT,-1,-1,service_area_2015_group5_region,TRACT,-1,-1;CNTYNME "CNTYNME" true true false 15 Text 0 0 ,First,#,service_area_2015_group1_rev27Jan2016_region,CNTYNME,-1,-1,service_area_2015_group2_region,CNTYNME,-1,-1,service_area_2015_group3_region,CNTYNME,-1,-1,service_area_2015_group4_region,CNTYNME,-1,-1,service_area_2015_group5_region,CNTYNME,-1,-1;MCDNME "MCDNME" true true false 40 Text 0 0 ,First,#,service_area_2015_group1_rev27Jan2016_region,MCDNME,-1,-1,service_area_2015_group2_region,MCDNME,-1,-1,service_area_2015_group3_region,MCDNME,-1,-1,service_area_2015_group4_region,MCDNME,-1,-1,service_area_2015_group5_region,MCDNME,-1,-1;PLACENME "PLACENME" true true false 40 Text 0 0 ,First,#,service_area_2015_group1_rev27Jan2016_region,PLACENME,-1,-1,service_area_2015_group2_region,PLACENME,-1,-1,service_area_2015_group3_region,PLACENME,-1,-1,service_area_2015_group4_region,PLACENME,-1,-1,service_area_2015_group5_region,PLACENME,-1,-1;NEIGHBOR "NEIGHBOR" true true false 40 Text 0 0 ,First,#,service_area_2015_group1_rev27Jan2016_region,NEIGHBOR,-1,-1,service_area_2015_group2_region,NEIGHBOR,-1,-1,service_area_2015_group3_region,NEIGHBOR,-1,-1,service_area_2015_group4_region,NEIGHBOR,-1,-1,service_area_2015_group5_region,NEIGHBOR,-1,-1;GEONEI "GEONEI" true true false 22 Text 0 0 ,First,#,service_area_2015_group1_rev27Jan2016_region,GEONEI,-1,-1,service_area_2015_group2_region,GEONEI,-1,-1,service_area_2015_group3_region,GEONEI,-1,-1,service_area_2015_group4_region,GEONEI,-1,-1,service_area_2015_group5_region,GEONEI,-1,-1;GEONAME "GEONAME" true true false 26 Text 0 0 ,First,#,service_area_2015_group1_rev27Jan2016_region,GEONAME,-1,-1,service_area_2015_group2_region,GEONAME,-1,-1,service_area_2015_group3_region,GEONAME,-1,-1,service_area_2015_group4_region,GEONAME,-1,-1,service_area_2015_group5_region,GEONAME,-1,-1;BLK_KEY "BLK_KEY" true true false 15 Text 0 0 ,First,#,service_area_2015_group1_rev27Jan2016_region,BLK_KEY,-1,-1,service_area_2015_group2_region,BLK_KEY,-1,-1,service_area_2015_group3_region,BLK_KEY,-1,-1,service_area_2015_group4_region,BLK_KEY,-1,-1,service_area_2015_group5_region,BLK_KEY,-1,-1;AREA_MI "AREA_MI" true true false 31 Double 15 30 ,First,#,service_area_2015_group1_rev27Jan2016_region,AREA_MI,-1,-1,service_area_2015_group2_region,AREA_MI,-1,-1,service_area_2015_group3_region,AREA_MI,-1,-1,service_area_2015_group4_region,AREA_MI,-1,-1,service_area_2015_group5_region,AREA_MI,-1,-1;CENT_LAT "CENT_LAT" true true false 31 Double 15 30 ,First,#,service_area_2015_group1_rev27Jan2016_region,CENT_LAT,-1,-1,service_area_2015_group2_region,CENT_LAT,-1,-1,service_area_2015_group3_region,CENT_LAT,-1,-1,service_area_2015_group4_region,CENT_LAT,-1,-1,service_area_2015_group5_region,CENT_LAT,-1,-1;CENT_LON "CENT_LON" true true false 31 Double 15 30 ,First,#,service_area_2015_group1_rev27Jan2016_region,CENT_LON,-1,-1,service_area_2015_group2_region,CENT_LON,-1,-1,service_area_2015_group3_region,CENT_LON,-1,-1,service_area_2015_group4_region,CENT_LON,-1,-1,service_area_2015_group5_region,CENT_LON,-1,-1;OID_ "OID_" true true false 9 Long 0 9 ,First,#,service_area_2015_group1_rev27Jan2016_region,OID_,-1,-1,service_area_2015_group2_region,OID_,-1,-1,service_area_2015_group3_region,OID_,-1,-1,service_area_2015_group4_region,OID_,-1,-1,service_area_2015_group5_region,OID_,-1,-1;STFID00 "STFID00" true true false 15 Text 0 0 ,First,#,service_area_2015_group1_rev27Jan2016_region,STFID00,-1,-1,service_area_2015_group2_region,STFID00,-1,-1,service_area_2015_group3_region,STFID00,-1,-1,service_area_2015_group4_region,STFID00,-1,-1,service_area_2015_group5_region,STFID00,-1,-1;BLOCK "BLOCK" true true false 47 Text 0 0 ,First,#,service_area_2015_group1_rev27Jan2016_region,BLOCK,-1,-1,service_area_2015_group2_region,BLOCK,-1,-1,service_area_2015_group3_region,BLOCK,-1,-1,service_area_2015_group4_region,BLOCK,-1,-1,service_area_2015_group5_region,BLOCK,-1,-1;STFID00_BG "STFID00_BG" true true false 15 Text 0 0 ,First,#,service_area_2015_group1_rev27Jan2016_region,STFID00_BG,-1,-1,service_area_2015_group2_region,STFID00_BG,-1,-1,service_area_2015_group3_region,STFID00_BG,-1,-1,service_area_2015_group4_region,STFID00_BG,-1,-1,service_area_2015_group5_region,STFID00_BG,-1,-1;DISTRICT "DISTRICT" true true false 5 Text 0 0 ,First,#,service_area_2015_group1_rev27Jan2016_region,DISTRICT,-1,-1,service_area_2015_group2_region,DISTRICT,-1,-1,service_area_2015_group3_region,DISTRICT,-1,-1,service_area_2015_group4_region,DISTRICT,-1,-1,service_area_2015_group5_region,DISTRICT,-1,-1;SIA "SIA" true true false 30 Text 0 0 ,First,#,service_area_2015_group1_rev27Jan2016_region,SIA,-1,-1,service_area_2015_group2_region,SIA,-1,-1,service_area_2015_group3_region,SIA,-1,-1,service_area_2015_group4_region,SIA,-1,-1,service_area_2015_group5_region,SIA,-1,-1;PASSED "PASSED" true true false 100 Text 0 0 ,First,#,service_area_2015_group1_rev27Jan2016_region,PASSED,-1,-1,service_area_2015_group2_region,PASSED,-1,-1,service_area_2015_group3_region,PASSED,-1,-1,service_area_2015_group4_region,PASSED,-1,-1,service_area_2015_group5_region,PASSED,-1,-1;COUNCILMEM "COUNCILMEM" true true false 30 Text 0 0 ,First,#,service_area_2015_group1_rev27Jan2016_region,COUNCILMEM,-1,-1,service_area_2015_group2_region,COUNCILMEM,-1,-1,service_area_2015_group3_region,COUNCILMEM,-1,-1,service_area_2015_group4_region,COUNCILMEM,-1,-1,service_area_2015_group5_region,COUNCILMEM,-1,-1;WARD_2014 "WARD_2014" true true false 4 Short 0 4 ,First,#,service_area_2015_group1_rev27Jan2016_region,WARD_2014,-1,-1,service_area_2015_group2_region,WARD_2014,-1,-1,service_area_2015_group3_region,WARD_2014,-1,-1,service_area_2015_group4_region,WARD_2014,-1,-1,service_area_2015_group5_region,WARD_2014,-1,-1;ID "ID" true true false 6 Long 0 6 ,First,#,service_area_2015_group1_rev27Jan2016_region,ID,-1,-1,service_area_2015_group2_region,ID,-1,-1,service_area_2015_group3_region,ID,-1,-1,service_area_2015_group4_region,ID,-1,-1,service_area_2015_group5_region,ID,-1,-1;NAME "NAME" true true false 35 Text 0 0 ,First,#,service_area_2015_group1_rev27Jan2016_region,NAME,-1,-1,service_area_2015_group2_region,NAME,-1,-1,service_area_2015_group3_region,NAME,-1,-1,service_area_2015_group4_region,NAME,-1,-1,service_area_2015_group5_region,NAME,-1,-1;ET_ID "ET_ID" true true false 8 Long 0 8 ,First,#,service_area_2015_group1_rev27Jan2016_region,ET_ID,-1,-1,service_area_2015_group2_region,ET_ID,-1,-1,service_area_2015_group3_region,ET_ID,-1,-1,service_area_2015_group4_region,ET_ID,-1,-1,service_area_2015_group5_region,ET_ID,-1,-1;AREA "AREA" true true false 31 Double 15 30 ,First,#,service_area_2015_group1_rev27Jan2016_region,AREA,-1,-1,service_area_2015_group2_region,AREA,-1,-1,service_area_2015_group3_region,AREA,-1,-1,service_area_2015_group4_region,AREA,-1,-1,service_area_2015_group5_region,AREA,-1,-1;PERIMETER "PERIMETER" true true false 31 Double 15 30 ,First,#,service_area_2015_group1_rev27Jan2016_region,PERIMETER,-1,-1,service_area_2015_group2_region,PERIMETER,-1,-1,service_area_2015_group3_region,PERIMETER,-1,-1,service_area_2015_group4_region,PERIMETER,-1,-1,service_area_2015_group5_region,PERIMETER,-1,-1;CE_SPA90_ "CE_SPA90_" true true false 11 Double 0 11 ,First,#,service_area_2015_group1_rev27Jan2016_region,CE_SPA90_,-1,-1,service_area_2015_group2_region,CE_SPA90_,-1,-1,service_area_2015_group3_region,CE_SPA90_,-1,-1,service_area_2015_group4_region,CE_SPA90_,-1,-1,service_area_2015_group5_region,CE_SPA90_,-1,-1;CE_SPA90_I "CE_SPA90_I" true true false 11 Double 0 11 ,First,#,service_area_2015_group1_rev27Jan2016_region,CE_SPA90_I,-1,-1,service_area_2015_group2_region,CE_SPA90_I,-1,-1,service_area_2015_group3_region,CE_SPA90_I,-1,-1,service_area_2015_group4_region,CE_SPA90_I,-1,-1,service_area_2015_group5_region,CE_SPA90_I,-1,-1;SPA "SPA" true true false 2 Text 0 0 ,First,#,service_area_2015_group1_rev27Jan2016_region,SPA,-1,-1,service_area_2015_group2_region,SPA,-1,-1,service_area_2015_group3_region,SPA,-1,-1,service_area_2015_group4_region,SPA,-1,-1,service_area_2015_group5_region,SPA,-1,-1;SPANM "SPANM" true true false 24 Text 0 0 ,First,#,service_area_2015_group1_rev27Jan2016_region,SPANM,-1,-1,service_area_2015_group2_region,SPANM,-1,-1,service_area_2015_group3_region,SPANM,-1,-1,service_area_2015_group4_region,SPANM,-1,-1,service_area_2015_group5_region,SPANM,-1,-1;DIST "DIST" true true false 1 Text 0 0 ,First,#,service_area_2015_group1_rev27Jan2016_region,DIST,-1,-1,service_area_2015_group2_region,DIST,-1,-1,service_area_2015_group3_region,DIST,-1,-1,service_area_2015_group4_region,DIST,-1,-1,service_area_2015_group5_region,DIST,-1,-1;INTERMED "INTERMED" true true false 31 Double 15 30 ,First,#,service_area_2015_group1_rev27Jan2016_region,INTERMED,-1,-1,service_area_2015_group2_region,INTERMED,-1,-1,service_area_2015_group3_region,INTERMED,-1,-1,service_area_2015_group4_region,INTERMED,-1,-1,service_area_2015_group5_region,INTERMED,-1,-1;SQ_MILES "SQ_MILES" true true false 31 Double 15 30 ,First,#,service_area_2015_group1_rev27Jan2016_region,SQ_MILES,-1,-1,service_area_2015_group2_region,SQ_MILES,-1,-1,service_area_2015_group3_region,SQ_MILES,-1,-1,service_area_2015_group4_region,SQ_MILES,-1,-1,service_area_2015_group5_region,SQ_MILES,-1,-1;CDMODELBLK "CDMODELBLK" true true false 15 Text 0 0 ,First,#,service_area_2015_group1_rev27Jan2016_region,CDMODELBLK,-1,-1,service_area_2015_group2_region,CDMODELBLK,-1,-1,service_area_2015_group3_region,CDMODELBLK,-1,-1,service_area_2015_group4_region,CDMODELBLK,-1,-1,service_area_2015_group5_region,CDMODELBLK,-1,-1;LB_HOLD "LB_HOLD" true true false 20 Text 0 0 ,First,#,service_area_2015_group1_rev27Jan2016_region,LB_HOLD,-1,-1,service_area_2015_group2_region,LB_HOLD,-1,-1,service_area_2015_group3_region,LB_HOLD,-1,-1,service_area_2015_group4_region,LB_HOLD,-1,-1,service_area_2015_group5_region,LB_HOLD,-1,-1;MB_HTF "MB_HTF" true true false 25 Text 0 0 ,First,#,service_area_2015_group1_rev27Jan2016_region,MB_HTF,-1,-1,service_area_2015_group2_region,MB_HTF,-1,-1,service_area_2015_group3_region,MB_HTF,-1,-1,service_area_2015_group4_region,MB_HTF,-1,-1,service_area_2015_group5_region,MB_HTF,-1,-1;NPI_SII "NPI_SII" true true false 20 Text 0 0 ,First,#,service_area_2015_group1_rev27Jan2016_region,NPI_SII,-1,-1,service_area_2015_group2_region,NPI_SII,-1,-1,service_area_2015_group3_region,NPI_SII,-1,-1,service_area_2015_group4_region,NPI_SII,-1,-1,service_area_2015_group5_region,NPI_SII,-1,-1;TYPOLOGY "TYPOLOGY" true true false 50 Text 0 0 ,First,#,service_area_2015_group1_rev27Jan2016_region,TYPOLOGY,-1,-1,service_area_2015_group2_region,TYPOLOGY,-1,-1,service_area_2015_group3_region,TYPOLOGY,-1,-1,service_area_2015_group4_region,TYPOLOGY,-1,-1,service_area_2015_group5_region,TYPOLOGY,-1,-1;ACRE "ACRE" true true false 12 Double 1 11 ,First,#,service_area_2015_group1_rev27Jan2016_region,ACRE,-1,-1,service_area_2015_group2_region,ACRE,-1,-1,service_area_2015_group3_region,ACRE,-1,-1,service_area_2015_group4_region,ACRE,-1,-1,service_area_2015_group5_region,ACRE,-1,-1"</Process><Process ToolSource="c:\program files (x86)\arcgis\desktop10.5\ArcToolbox\Toolboxes\Data Management Tools.tbx\Merge" Date="20181130" Time="160450">Merge Westown;University_Circle;Union_Miles;Tremont_West;St_Clair;Slavic_Village;Shaker_Square_Area;Old_Brooklyn;Ohio_City;Northeast_Shores;Mount_Pleasant;Midtown;Metro_West;Little_Italy;Kamms_Corners;Hough;Historic_Warehouse;Historic_Gateway;Harvard;GreaterCollinwood;FlatsForward;'Famicos Foundation';Fairfax_Renaissance;'Detroit Shoreway CDO';DCA_1;'Cudell Improvement';Collinwood_Nottingham;Campus_District;Burten_Bell_Carr;Buckeye;Bellaire_Puritas "T:\CDC Advancement\Nina\Nina GIS\Shapefiles\CDC Service Area\2019 CDC Service Area\2019CDCServiceAreas1.shp" "CDC_ "CDC_" true true false 19 Double 0 0 ,First,#,Westown,CDC_,-1,-1,University_Circle,CDC_,-1,-1,Union_Miles,CDC_,-1,-1,Tremont_West,CDC_,-1,-1,St_Clair,CDC_,-1,-1,Slavic_Village,CDC_,-1,-1,Shaker_Square_Area,CDC_,-1,-1,Old_Brooklyn,CDC_,-1,-1,Ohio_City,CDC_,-1,-1,Northeast_Shores,CDC_,-1,-1,Mount_Pleasant,CDC_,-1,-1,Midtown,CDC_,-1,-1,Metro_West,CDC_,-1,-1,Little_Italy,CDC_,-1,-1,Kamms_Corners,CDC_,-1,-1,Hough,CDC_,-1,-1,Historic_Warehouse,CDC_,-1,-1,Historic_Gateway,CDC_,-1,-1,Harvard,CDC_,-1,-1,GreaterCollinwood,CDC_,-1,-1,FlatsForward,CDC_,-1,-1,Famicos Foundation,CDC_,-1,-1,Fairfax_Renaissance,CDC_,-1,-1,Detroit Shoreway CDO,CDC_,-1,-1,Cudell Improvement,CDC_,-1,-1,Collinwood_Nottingham,CDC_,-1,-1,Campus_District,CDC_,-1,-1,Burten_Bell_Carr,CDC_,-1,-1,Buckeye,CDC_,-1,-1,Bellaire_Puritas,CDC_,-1,-1;CDC_ID "CDC_ID" true true false 19 Double 0 0 ,First,#,Westown,CDC_ID,-1,-1,University_Circle,CDC_ID,-1,-1,Union_Miles,CDC_ID,-1,-1,Tremont_West,CDC_ID,-1,-1,St_Clair,CDC_ID,-1,-1,Slavic_Village,CDC_ID,-1,-1,Shaker_Square_Area,CDC_ID,-1,-1,Old_Brooklyn,CDC_ID,-1,-1,Ohio_City,CDC_ID,-1,-1,Northeast_Shores,CDC_ID,-1,-1,Mount_Pleasant,CDC_ID,-1,-1,Midtown,CDC_ID,-1,-1,Metro_West,CDC_ID,-1,-1,Little_Italy,CDC_ID,-1,-1,Kamms_Corners,CDC_ID,-1,-1,Hough,CDC_ID,-1,-1,Historic_Warehouse,CDC_ID,-1,-1,Historic_Gateway,CDC_ID,-1,-1,Harvard,CDC_ID,-1,-1,GreaterCollinwood,CDC_ID,-1,-1,FlatsForward,CDC_ID,-1,-1,Famicos Foundation,CDC_ID,-1,-1,Fairfax_Renaissance,CDC_ID,-1,-1,Detroit Shoreway CDO,CDC_ID,-1,-1,Cudell Improvement,CDC_ID,-1,-1,Collinwood_Nottingham,CDC_ID,-1,-1,Campus_District,CDC_ID,-1,-1,Burten_Bell_Carr,CDC_ID,-1,-1,Buckeye,CDC_ID,-1,-1,Bellaire_Puritas,CDC_ID,-1,-1;CDC "CDC" true true false 60 Text 0 0 ,First,#,Westown,CDC,-1,-1,University_Circle,CDC,-1,-1,Union_Miles,CDC,-1,-1,Tremont_West,CDC,-1,-1,St_Clair,CDC,-1,-1,Slavic_Village,CDC,-1,-1,Shaker_Square_Area,CDC,-1,-1,Old_Brooklyn,CDC,-1,-1,Ohio_City,CDC,-1,-1,Northeast_Shores,CDC,-1,-1,Mount_Pleasant,CDC,-1,-1,Midtown,CDC,-1,-1,Metro_West,CDC,-1,-1,Little_Italy,CDC,-1,-1,Kamms_Corners,CDC,-1,-1,Hough,CDC,-1,-1,Historic_Warehouse,CDC,-1,-1,Historic_Gateway,CDC,-1,-1,Harvard,CDC,-1,-1,GreaterCollinwood,CDC,-1,-1,FlatsForward,CDC,-1,-1,Famicos Foundation,CDC,-1,-1,Fairfax_Renaissance,CDC,-1,-1,Detroit Shoreway CDO,CDC,-1,-1,Cudell Improvement,CDC,-1,-1,Collinwood_Nottingham,CDC,-1,-1,Campus_District,CDC,-1,-1,Burten_Bell_Carr,CDC,-1,-1,Buckeye,CDC,-1,-1,Bellaire_Puritas,CDC,-1,-1;NOTE "NOTE" true true false 30 Text 0 0 ,First,#,Westown,NOTE,-1,-1,University_Circle,NOTE,-1,-1,Union_Miles,NOTE,-1,-1,Tremont_West,NOTE,-1,-1,St_Clair,NOTE,-1,-1,Slavic_Village,NOTE,-1,-1,Shaker_Square_Area,NOTE,-1,-1,Old_Brooklyn,NOTE,-1,-1,Ohio_City,NOTE,-1,-1,Northeast_Shores,NOTE,-1,-1,Mount_Pleasant,NOTE,-1,-1,Midtown,NOTE,-1,-1,Metro_West,NOTE,-1,-1,Little_Italy,NOTE,-1,-1,Kamms_Corners,NOTE,-1,-1,Hough,NOTE,-1,-1,Historic_Warehouse,NOTE,-1,-1,Historic_Gateway,NOTE,-1,-1,Harvard,NOTE,-1,-1,FlatsForward,NOTE,-1,-1,Famicos Foundation,NOTE,-1,-1,Fairfax_Renaissance,NOTE,-1,-1,Detroit Shoreway CDO,NOTE,-1,-1,Cudell Improvement,NOTE,-1,-1,Collinwood_Nottingham,NOTE,-1,-1,Campus_District,NOTE,-1,-1,Burten_Bell_Carr,NOTE,-1,-1,Buckeye,NOTE,-1,-1,Bellaire_Puritas,NOTE,-1,-1"</Process><Process ToolSource="c:\program files (x86)\arcgis\desktop10.5\ArcToolbox\Toolboxes\Data Management Tools.tbx\Merge" Date="20190326" Time="132725">Merge Bellaire_Puritas;BuckeyeArea;Burten_Bell_Carr;Campus_District;Cudell;DCA;Detroit_Shoreway;Fairfax_Renaissance;Famicos;FlatsForward;GreaterCollinwood;Harvard;Historic_Gateway;Historic_Warehouse;Hough;Kamms_Corners;Little_Italy;Metro_West;Midtown;Mount_Pleasant;Ohio_City;Old_Brooklyn;Shaker_Square_Area;Slavic_Village;Westown;Union_Miles;University_Circle;St_Clair;Tremont_West C:\Users\NHolzer\Documents\ArcGIS\Default.gdb\Bellaire_Puritas_Merge "CDC_ "CDC_" true true false 19 Double 0 0 ,First,#,Bellaire_Puritas,CDC_,-1,-1,BuckeyeArea,CDC_,-1,-1,Burten_Bell_Carr,CDC_,-1,-1,Campus_District,CDC_,-1,-1,Cudell,CDC_,-1,-1,DCA,CDC_,-1,-1,Detroit_Shoreway,CDC_,-1,-1,Fairfax_Renaissance,CDC_,-1,-1,Famicos,CDC_,-1,-1,FlatsForward,CDC_,-1,-1,GreaterCollinwood,CDC_,-1,-1,Harvard,CDC_,-1,-1,Historic_Gateway,CDC_,-1,-1,Historic_Warehouse,CDC_,-1,-1,Hough,CDC_,-1,-1,Kamms_Corners,CDC_,-1,-1,Little_Italy,CDC_,-1,-1,Metro_West,CDC_,-1,-1,Midtown,CDC_,-1,-1,Mount_Pleasant,CDC_,-1,-1,Ohio_City,CDC_,-1,-1,Old_Brooklyn,CDC_,-1,-1,Shaker_Square_Area,CDC_,-1,-1,Slavic_Village,CDC_,-1,-1,Westown,CDC_,-1,-1,Union_Miles,CDC_,-1,-1,University_Circle,CDC_,-1,-1,St_Clair,CDC_,-1,-1,Tremont_West,CDC_,-1,-1;CDC "CDC" true true false 60 Text 0 0 ,First,#,Bellaire_Puritas,CDC,-1,-1,BuckeyeArea,CDC,-1,-1,Burten_Bell_Carr,CDC,-1,-1,Campus_District,CDC,-1,-1,Cudell,CDC,-1,-1,DCA,CDC,-1,-1,Detroit_Shoreway,CDC,-1,-1,Fairfax_Renaissance,CDC,-1,-1,Famicos,CDC,-1,-1,FlatsForward,CDC,-1,-1,GreaterCollinwood,CDC,-1,-1,Harvard,CDC,-1,-1,Historic_Gateway,CDC,-1,-1,Historic_Warehouse,CDC,-1,-1,Hough,CDC,-1,-1,Kamms_Corners,CDC,-1,-1,Little_Italy,CDC,-1,-1,Metro_West,CDC,-1,-1,Midtown,CDC,-1,-1,Mount_Pleasant,CDC,-1,-1,Ohio_City,CDC,-1,-1,Old_Brooklyn,CDC,-1,-1,Shaker_Square_Area,CDC,-1,-1,Slavic_Village,CDC,-1,-1,Westown,CDC,-1,-1,Union_Miles,CDC,-1,-1,University_Circle,CDC,-1,-1,St_Clair,CDC,-1,-1,Tremont_West,CDC,-1,-1;NOTE "NOTE" true true false 30 Text 0 0 ,First,#,Bellaire_Puritas,NOTE,-1,-1,BuckeyeArea,NOTE,-1,-1,Burten_Bell_Carr,NOTE,-1,-1,Campus_District,NOTE,-1,-1,Cudell,NOTE,-1,-1,DCA,NOTE,-1,-1,Detroit_Shoreway,NOTE,-1,-1,Fairfax_Renaissance,NOTE,-1,-1,Famicos,NOTE,-1,-1,FlatsForward,NOTE,-1,-1,GreaterCollinwood,NOTE,-1,-1,Harvard,NOTE,-1,-1,Historic_Gateway,NOTE,-1,-1,Historic_Warehouse,NOTE,-1,-1,Hough,NOTE,-1,-1,Kamms_Corners,NOTE,-1,-1,Little_Italy,NOTE,-1,-1,Metro_West,NOTE,-1,-1,Midtown,NOTE,-1,-1,Mount_Pleasant,NOTE,-1,-1,Ohio_City,NOTE,-1,-1,Old_Brooklyn,NOTE,-1,-1,Shaker_Square_Area,NOTE,-1,-1,Slavic_Village,NOTE,-1,-1,Westown,NOTE,-1,-1,Union_Miles,NOTE,-1,-1,University_Circle,NOTE,-1,-1,St_Clair,NOTE,-1,-1,Tremont_West,NOTE,-1,-1;URL "URL" true true false 50 Text 0 0 ,First,#,Bellaire_Puritas,URL,-1,-1,BuckeyeArea,URL,-1,-1,Burten_Bell_Carr,URL,-1,-1,Campus_District,URL,-1,-1,Cudell,URL,-1,-1,DCA,URL,-1,-1,Detroit_Shoreway,URL,-1,-1,Fairfax_Renaissance,URL,-1,-1,Famicos,URL,-1,-1,FlatsForward,URL,-1,-1,GreaterCollinwood,URL,-1,-1,Harvard,URL,-1,-1,Historic_Gateway,URL,-1,-1,Historic_Warehouse,URL,-1,-1,Hough,URL,-1,-1,Kamms_Corners,URL,-1,-1,Little_Italy,URL,-1,-1,Metro_West,URL,-1,-1,Midtown,URL,-1,-1,Mount_Pleasant,URL,-1,-1,Ohio_City,URL,-1,-1,Old_Brooklyn,URL,-1,-1,St_Clair,URL,-1,-1,Tremont_West,URL,-1,-1;CDClabel "CDClabel" true true false 50 Text 0 0 ,First,#,Bellaire_Puritas,CDClabel,-1,-1,BuckeyeArea,CDClabel,-1,-1,Burten_Bell_Carr,CDClabel,-1,-1,Campus_District,CDClabel,-1,-1,Cudell,CDClabel,-1,-1,DCA,CDClabel,-1,-1,Detroit_Shoreway,CDClabel,-1,-1,Fairfax_Renaissance,CDClabel,-1,-1,Famicos,CDClabel,-1,-1,FlatsForward,CDClabel,-1,-1,GreaterCollinwood,CDClabel,-1,-1,Harvard,CDClabel,-1,-1,Historic_Gateway,CDClabel,-1,-1,Historic_Warehouse,CDClabel,-1,-1,Hough,CDClabel,-1,-1,Kamms_Corners,CDClabel,-1,-1,Little_Italy,CDClabel,-1,-1,Metro_West,CDClabel,-1,-1,Midtown,CDClabel,-1,-1,Mount_Pleasant,CDClabel,-1,-1,Ohio_City,CDClabel,-1,-1,Old_Brooklyn,CDClabel,-1,-1,St_Clair,CDClabel,-1,-1,Tremont_West,CDClabel,-1,-1"</Process></lineage></DataProperties><SyncDate>20190326</SyncDate><SyncTime>13271800</SyncTime><ModDate>20190326</ModDate><ModTime>13271800</ModTime></Esri><dataIdInfo><envirDesc Sync="TRUE"> Version 6.2 (Build 9200) ; Esri ArcGIS 10.5.0.6491</envirDesc><dataLang><languageCode value="eng" Sync="TRUE"></languageCode><countryCode value="USA" Sync="TRUE"></countryCode></dataLang><idCitation><resTitle Sync="TRUE">Bellaire_Puritas_Merge</resTitle><presForm><PresFormCd value="005" Sync="TRUE"></PresFormCd></presForm></idCitation><spatRpType><SpatRepTypCd value="001" Sync="TRUE"></SpatRepTypCd></spatRpType></dataIdInfo><mdLang><languageCode value="eng" Sync="TRUE"></languageCode><countryCode value="USA" Sync="TRUE"></countryCode></mdLang><mdChar><CharSetCd value="004" Sync="TRUE"></CharSetCd></mdChar><distInfo><distFormat><formatName Sync="TRUE">File Geodatabase Feature Class</formatName></distFormat><distTranOps><transSize Sync="TRUE">0.000</transSize></distTranOps></distInfo><mdHrLv><ScopeCd value="005" Sync="TRUE"></ScopeCd></mdHrLv><mdHrLvName Sync="TRUE">dataset</mdHrLvName><refSysInfo><RefSystem><refSysID><identCode code="4269" Sync="TRUE"></identCode><idCodeSpace Sync="TRUE">EPSG</idCodeSpace><idVersion Sync="TRUE">6.12(3.0.1)</idVersion></refSysID></RefSystem></refSysInfo><spatRepInfo><VectSpatRep><geometObjs Name="Bellaire_Puritas_Merge"><geoObjTyp><GeoObjTypCd value="002" Sync="TRUE"></GeoObjTypCd></geoObjTyp><geoObjCnt Sync="TRUE">0</geoObjCnt></geometObjs><topLvl><TopoLevCd value="001" Sync="TRUE"></TopoLevCd></topLvl></VectSpatRep></spatRepInfo><spdoinfo><ptvctinf><esriterm Name="Bellaire_Puritas_Merge"><efeatyp Sync="TRUE">Simple</efeatyp><efeageom code="4" Sync="TRUE"></efeageom><esritopo Sync="TRUE">FALSE</esritopo><efeacnt Sync="TRUE">0</efeacnt><spindex Sync="TRUE">TRUE</spindex><linrefer Sync="TRUE">TRUE</linrefer></esriterm></ptvctinf></spdoinfo><eainfo><detailed Name="Bellaire_Puritas_Merge"><enttyp><enttypl Sync="TRUE">Bellaire_Puritas_Merge</enttypl><enttypt Sync="TRUE">Feature Class</enttypt><enttypc Sync="TRUE">0</enttypc></enttyp><attr><attrlabl Sync="TRUE">OBJECTID</attrlabl><attalias Sync="TRUE">OBJECTID</attalias><attrtype Sync="TRUE">OID</attrtype><attwidth Sync="TRUE">4</attwidth><atprecis Sync="TRUE">0</atprecis><attscale Sync="TRUE">0</attscale><attrdef Sync="TRUE">Internal feature number.</attrdef><attrdefs Sync="TRUE">Esri</attrdefs><attrdomv><udom Sync="TRUE">Sequential unique whole numbers that are automatically generated.</udom></attrdomv></attr><attr><attrlabl Sync="TRUE">Shape</attrlabl><attalias Sync="TRUE">Shape</attalias><attrtype Sync="TRUE">Geometry</attrtype><attwidth Sync="TRUE">0</attwidth><atprecis Sync="TRUE">0</atprecis><attscale Sync="TRUE">0</attscale><attrdef Sync="TRUE">Feature geometry.</attrdef><attrdefs Sync="TRUE">Esri</attrdefs><attrdomv><udom Sync="TRUE">Coordinates defining the features.</udom></attrdomv></attr><attr><attrlabl Sync="TRUE">CDC_</attrlabl><attalias Sync="TRUE">CDC_</attalias><attrtype Sync="TRUE">Double</attrtype><attwidth Sync="TRUE">8</attwidth><atprecis Sync="TRUE">0</atprecis><attscale Sync="TRUE">0</attscale></attr><attr><attrlabl Sync="TRUE">CDC</attrlabl><attalias Sync="TRUE">CDC</attalias><attrtype Sync="TRUE">String</attrtype><attwidth Sync="TRUE">60</attwidth><atprecis Sync="TRUE">0</atprecis><attscale Sync="TRUE">0</attscale></attr><attr><attrlabl Sync="TRUE">NOTE</attrlabl><attalias Sync="TRUE">NOTE</attalias><attrtype Sync="TRUE">String</attrtype><attwidth Sync="TRUE">30</attwidth><atprecis Sync="TRUE">0</atprecis><attscale Sync="TRUE">0</attscale></attr><attr><attrlabl Sync="TRUE">URL</attrlabl><attalias Sync="TRUE">URL</attalias><attrtype Sync="TRUE">String</attrtype><attwidth Sync="TRUE">50</attwidth><atprecis Sync="TRUE">0</atprecis><attscale Sync="TRUE">0</attscale></attr><attr><attrlabl Sync="TRUE">CDClabel</attrlabl><attalias Sync="TRUE">CDClabel</attalias><attrtype Sync="TRUE">String</attrtype><attwidth Sync="TRUE">50</attwidth><atprecis Sync="TRUE">0</atprecis><attscale Sync="TRUE">0</attscale></attr><attr><attrlabl Sync="TRUE">Shape_Length</attrlabl><attalias Sync="TRUE">Shape_Length</attalias><attrtype Sync="TRUE">Double</attrtype><attwidth Sync="TRUE">8</attwidth><atprecis Sync="TRUE">0</atprecis><attscale Sync="TRUE">0</attscale><attrdef Sync="TRUE">Length of feature in internal units.</attrdef><attrdefs Sync="TRUE">Esri</attrdefs><attrdomv><udom Sync="TRUE">Positive real numbers that are automatically generated.</udom></attrdomv></attr><attr><attrlabl Sync="TRUE">Shape_Area</attrlabl><attalias Sync="TRUE">Shape_Area</attalias><attrtype Sync="TRUE">Double</attrtype><attwidth Sync="TRUE">8</attwidth><atprecis Sync="TRUE">0</atprecis><attscale Sync="TRUE">0</attscale><attrdef Sync="TRUE">Area of feature in internal units squared.</attrdef><attrdefs Sync="TRUE">Esri</attrdefs><attrdomv><udom Sync="TRUE">Positive real numbers that are automatically generated.</udom></attrdomv></attr></detailed></eainfo><mdDateSt Sync="TRUE">20190326</mdDateSt></metadata>
